frame,landmark,x,y,z,visibility,presence
1,0,0.5046585202217102,0.06770265102386475,0.28256741166114807,0.9851041436195374,0.9999747276306152
1,1,0.5055001378059387,0.05536240339279175,0.3142983317375183,0.9843251705169678,0.9999724626541138
1,2,0.5067989826202393,0.056002676486968994,0.31426796317100525,0.9761428833007812,0.9999728202819824
1,3,0.5081798434257507,0.05672179162502289,0.3143705129623413,0.978314220905304,0.9999737739562988
1,4,0.5007320046424866,0.05120919644832611,0.2901323437690735,0.9850065112113953,0.9999711513519287
1,5,0.4988784193992615,0.04926399886608124,0.2900333106517792,0.9787697792053223,0.9999700784683228
1,6,0.4967740774154663,0.04715925455093384,0.29005345702171326,0.9813979864120483,0.9999672174453735
1,7,0.5032090544700623,0.05326679348945618,0.4135291874408722,0.965356707572937,0.9999769926071167
1,8,0.4873431622982025,0.042008042335510254,0.30643048882484436,0.9804832935333252,0.9999644756317139
1,9,0.5022375583648682,0.07872220873832703,0.31753870844841003,0.9775620102882385,0.9999631643295288
1,10,0.49768123030662537,0.07484287023544312,0.2850551903247833,0.9745672345161438,0.9999634027481079
1,11,0.4850426912307739,0.09293541312217712,0.4290560781955719,0.9996956586837769,0.9996651411056519
1,12,0.459530770778656,0.05723142623901367,0.190105140209198,0.999936580657959,0.9997604489326477
1,13,0.4983763098716736,0.15042996406555176,0.38165372610092163,0.10439258068799973,0.9994634985923767
1,14,0.49055153131484985,0.12219835817813873,0.14542558789253235,0.9718005061149597,0.9993054866790771
1,15,0.5438117384910583,0.09032304584980011,0.2928769290447235,0.3351418375968933,0.9994992017745972
1,16,0.5452584624290466,0.10303744673728943,0.2133493274450302,0.8918256163597107,0.9990928173065186
1,17,0.5498883128166199,0.07332213222980499,0.2790323495864868,0.3335370123386383,0.9993658661842346
1,18,0.567090630531311,0.1193709522485733,0.20695587992668152,0.8219879269599915,0.9986351132392883
1,19,0.5630568265914917,0.07070834934711456,0.27417823672294617,0.3284175395965576,0.9994364380836487
1,20,0.5618085861206055,0.11334474384784698,0.2145162671804428,0.7975162863731384,0.9987394213676453
1,21,0.556023895740509,0.08600622415542603,0.2855401039123535,0.35503849387168884,0.9995354413986206
1,22,0.5541520714759827,0.11366590857505798,0.2217252403497696,0.7461418509483337,0.9989472031593323
1,23,0.45323050022125244,0.3024963438510895,0.0861796885728836,0.9999151229858398,0.9998410940170288
1,24,0.42588719725608826,0.2732044458389282,-0.08565223217010498,0.9998878240585327,0.9998682737350464
1,25,0.5394496321678162,0.472904771566391,-0.10531745851039886,0.984370231628418,0.9973065853118896
1,26,0.3550034463405609,0.4665585160255432,-0.2797778248786926,0.9982675313949585,0.9987188577651978
1,27,0.5115389227867126,0.7245470285415649,-0.17090919613838196,0.9786757826805115,0.996975302696228
1,28,0.225618377327919,0.6088308691978455,-0.4085727334022522,0.9935670495033264,0.9913464188575745
1,29,0.4942587614059448,0.7590388059616089,-0.18863533437252045,0.9677740335464478,0.9966360330581665
1,30,0.20593926310539246,0.6143802404403687,-0.4288255274295807,0.9759048819541931,0.9877007007598877
1,31,0.5697978138923645,0.7942614555358887,-0.2774953246116638,0.9532560110092163,0.987611711025238
1,32,0.20826800167560577,0.6867306232452393,-0.5534952878952026,0.980747640132904,0.967951774597168
2,0,0.5013723373413086,0.07759526371955872,-0.19332559406757355,0.9887661337852478,0.9875311255455017
2,1,0.5024657249450684,0.05809411406517029,-0.18050669133663177,0.9835519194602966,0.9872308373451233
2,2,0.5032284259796143,0.055975884199142456,-0.18052244186401367,0.9799640774726868,0.9882506132125854
2,3,0.5040957927703857,0.05384072661399841,-0.18064557015895844,0.9834325909614563,0.9890372157096863
2,4,0.49827250838279724,0.05904671549797058,-0.21227523684501648,0.9888917803764343,0.9862869381904602
2,5,0.49611636996269226,0.057594746351242065,-0.2124335616827011,0.9892946481704712,0.9861360788345337
2,6,0.493692010641098,0.056059688329696655,-0.21249237656593323,0.9883866906166077,0.9861234426498413
2,7,0.497445285320282,0.03706565499305725,-0.08177503943443298,0.9825145602226257,0.993597149848938
2,8,0.48206478357315063,0.040674179792404175,-0.22438690066337585,0.9929216504096985,0.9909838438034058
2,9,0.49684447050094604,0.08106911182403564,-0.14817336201667786,0.980148196220398,0.9939814209938049
2,10,0.49327751994132996,0.08246982097625732,-0.1896381974220276,0.986562967300415,0.9937479496002197
2,11,0.4918005168437958,0.0676431655883789,0.08394641429185867,0.9997480511665344,0.9990143775939941
2,12,0.44681882858276367,0.05565690994262695,-0.2479090839624405,0.9998490810394287,0.998862624168396
2,13,0.5134484171867371,0.13382640480995178,0.14130349457263947,0.12302086502313614,0.9948834776878357
2,14,0.4617733657360077,0.11478890478610992,-0.19769306480884552,0.8755071759223938,0.9914051294326782
2,15,0.5386943221092224,0.1311791092157364,0.020204905420541763,0.21193741261959076,0.9841163754463196
2,16,0.5223938226699829,0.1403082311153412,-0.06087275221943855,0.6069769859313965,0.9810112714767456
2,17,0.5482193231582642,0.14061489701271057,0.014668019488453865,0.24413129687309265,0.9824413657188416
2,18,0.5344327688217163,0.18112315237522125,-0.07081952691078186,0.5661049485206604,0.9799692034721375
2,19,0.5509334802627563,0.1288733184337616,-0.015999475494027138,0.24988067150115967,0.9812152981758118
2,20,0.5397953391075134,0.17139843106269836,-0.07034845650196075,0.5569548010826111,0.9802641868591309
2,21,0.5397330522537231,0.13055036962032318,0.004710123874247074,0.24867047369480133,0.9813754558563232
2,22,0.5327456593513489,0.163185715675354,-0.05248062685132027,0.4739902913570404,0.978878378868103
2,23,0.47018861770629883,0.29781574010849,0.11227874457836151,0.9998792409896851,0.9988296627998352
2,24,0.4314449727535248,0.29278844594955444,-0.11243350803852081,0.9996936321258545,0.9974101185798645
2,25,0.5310735702514648,0.4948117136955261,0.018221000209450722,0.886593759059906,0.9914644360542297
2,26,0.38675656914711,0.49457281827926636,-0.21506711840629578,0.9830657243728638,0.988620936870575
2,27,0.5035141110420227,0.7503591775894165,0.03242608532309532,0.9481740593910217,0.9863353967666626
2,28,0.24197980761528015,0.569817066192627,-0.21852922439575195,0.9828306436538696,0.9825882911682129
2,29,0.4875989258289337,0.7771984338760376,0.030697446316480637,0.8877014517784119,0.9839741587638855
2,30,0.21462291479110718,0.54190993309021,-0.2199569046497345,0.931058406829834,0.9825891256332397
2,31,0.5465284585952759,0.8050566911697388,-0.04837322607636452,0.9168679118156433,0.9629891514778137
2,32,0.2144317328929901,0.6660342216491699,-0.30299627780914307,0.971836268901825,0.9611391425132751
3,0,0.49796879291534424,0.06494194269180298,-0.08225757628679276,0.9111486673355103,0.9367849826812744
3,1,0.4939863979816437,0.04762193560600281,-0.07093004137277603,0.866935670375824,0.9377921223640442
3,2,0.4937577247619629,0.04614138603210449,-0.07092990726232529,0.8437395691871643,0.9402750134468079
3,3,0.4936375021934509,0.044676363468170166,-0.0710284635424614,0.8829777240753174,0.9418959021568298
3,4,0.49258705973625183,0.04900804162025452,-0.09927965700626373,0.8956844806671143,0.932840883731842
3,5,0.49117588996887207,0.04854917526245117,-0.09941782802343369,0.8990416526794434,0.9300643801689148
3,6,0.48948562145233154,0.047971367835998535,-0.09943437576293945,0.8983926177024841,0.9273438453674316
3,7,0.4837869107723236,0.03620591759681702,0.004451680462807417,0.8222922682762146,0.9456189870834351
3,8,0.477878212928772,0.04205259680747986,-0.12202420085668564,0.8854625225067139,0.9233653545379639
3,9,0.4935897886753082,0.07146283984184265,-0.0477968268096447,0.8158664107322693,0.9526599645614624
3,10,0.492443323135376,0.07344207167625427,-0.0844351276755333,0.822664201259613,0.9463842511177063
3,11,0.47691991925239563,0.07647457718849182,0.11539078503847122,0.9980151653289795,0.996066153049469
3,12,0.45658743381500244,0.07594335079193115,-0.1790347397327423,0.999049723148346,0.9943141341209412
3,13,0.5014951229095459,0.13569773733615875,0.13588760793209076,0.15409550070762634,0.996733546257019
3,14,0.4751455783843994,0.13409140706062317,-0.23383021354675293,0.9148594737052917,0.9944478273391724
3,15,0.5213258266448975,0.19771069288253784,0.048526715487241745,0.2876909375190735,0.9903097748756409
3,16,0.5311645269393921,0.18829964101314545,-0.21816565096378326,0.7614874243736267,0.9847468137741089
3,17,0.527472734451294,0.21597820520401,0.03778664767742157,0.3050152361392975,0.988060712814331
3,18,0.5378797650337219,0.1994946002960205,-0.2478221356868744,0.7131305932998657,0.9812167286872864
3,19,0.5311381816864014,0.2027558982372284,0.016972729936242104,0.3034684658050537,0.9876158833503723
3,20,0.5441457629203796,0.19303464889526367,-0.2373620718717575,0.704555332660675,0.9817906618118286
3,21,0.5288612246513367,0.20165756344795227,0.03650009632110596,0.29540392756462097,0.9883028864860535
3,22,0.5363418459892273,0.19109387695789337,-0.21203012764453888,0.633076012134552,0.981476366519928
3,23,0.4671621322631836,0.32352975010871887,0.09708697348833084,0.9994086027145386,0.9974952936172485
3,24,0.44272494316101074,0.3203388750553131,-0.09717109799385071,0.9991069436073303,0.9967194199562073
3,25,0.5102124214172363,0.5177628993988037,0.03383251279592514,0.6825979948043823,0.9817119836807251
3,26,0.42237555980682373,0.5275161266326904,-0.18675078451633453,0.9543627500534058,0.9810838103294373
3,27,0.45021483302116394,0.7075974941253662,0.04371907562017441,0.8354195952415466,0.9722102284431458
3,28,0.28170180320739746,0.5507700443267822,-0.1902855634689331,0.9586628079414368,0.9707485437393188
3,29,0.4293875992298126,0.7204903364181519,0.04200401529669762,0.7975605726242065,0.9660508632659912
3,30,0.2840980589389801,0.6062524318695068,-0.19063173234462738,0.9096061587333679,0.9691106081008911
3,31,0.46944233775138855,0.7985537052154541,-0.022791726514697075,0.8075263500213623,0.9472693204879761
3,32,0.2848778963088989,0.6963684558868408,-0.25995686650276184,0.9342396855354309,0.9480834007263184
4,0,0.5079838037490845,0.1045810878276825,0.10945603996515274,0.9769037365913391,0.9686431884765625
4,1,0.5053187608718872,0.0876958966255188,0.11605549603700638,0.9802576899528503,0.97384113073349
4,2,0.5047691464424133,0.08733150362968445,0.11604969203472137,0.9803579449653625,0.9734525680541992
4,3,0.5068539977073669,0.09272614121437073,0.11603167653083801,0.9850705862045288,0.9726152420043945
4,4,0.5062382817268372,0.08572635054588318,0.08809291571378708,0.9841390252113342,0.9778528213500977
4,5,0.5062294006347656,0.08417865633964539,0.08796045184135437,0.9863976836204529,0.980975866317749
4,6,0.5072058439254761,0.07121869921684265,0.08797047287225723,0.9875841736793518,0.9831598401069641
4,7,0.4981878995895386,0.0768495500087738,0.14983700215816498,0.9851632714271545,0.9746922850608826
4,8,0.49560317397117615,0.06469511985778809,0.026762759312987328,0.9885290265083313,0.9876105785369873
4,9,0.49932610988616943,0.10944867134094238,0.1272648274898529,0.972091794013977,0.9766347408294678
4,10,0.5012736916542053,0.10493582487106323,0.09114000201225281,0.9700268507003784,0.982474148273468
4,11,0.4649497866630554,0.11849609017372131,0.22523710131645203,0.9960896968841553,0.9940707087516785
4,12,0.47743695974349976,0.08265191316604614,-0.07034382224082947,0.999853253364563,0.9991915822029114
4,13,0.4967477023601532,0.20271724462509155,0.2689498960971832,0.07156733423471451,0.9911243319511414
4,14,0.5218265056610107,0.17322222888469696,-0.09952014684677124,0.9251383543014526,0.9980282187461853
4,15,0.5169515013694763,0.24368667602539062,0.24621696770191193,0.09186860918998718,0.9824174046516418
4,16,0.5438539981842041,0.2199239581823349,-0.032099295407533646,0.7603436708450317,0.9904162883758545
4,17,0.5210981369018555,0.25138652324676514,0.25493279099464417,0.09981696307659149,0.980170488357544
4,18,0.554750382900238,0.2271459400653839,-0.0457766018807888,0.7372380495071411,0.9846630096435547
4,19,0.5204275250434875,0.2484881430864334,0.23896092176437378,0.09885566681623459,0.9779372811317444
4,20,0.5483107566833496,0.22433839738368988,-0.038299404084682465,0.7384738922119141,0.9824833869934082
4,21,0.5197241306304932,0.2458576112985611,0.23837850987911224,0.10762379318475723,0.9791632294654846
4,22,0.5511385202407837,0.2282835692167282,-0.025698846206068993,0.7003762722015381,0.9854952096939087
4,23,0.4378502070903778,0.340398907661438,0.10349775105714798,0.9986538887023926,0.9954105019569397
4,24,0.4423612356185913,0.3506019413471222,-0.10358668118715286,0.999789297580719,0.9993172883987427
4,25,0.4596884250640869,0.4412326216697693,0.09297923743724823,0.4186828136444092,0.9773767590522766
4,26,0.47971346974372864,0.5625993013381958,-0.12591826915740967,0.9783936142921448,0.9938616752624512
4,27,0.3742794692516327,0.5130400657653809,0.12869490683078766,0.5154656767845154,0.9885407090187073
4,28,0.4078746736049652,0.7821572422981262,-0.17603735625743866,0.9827231168746948,0.9745687246322632
4,29,0.3580710291862488,0.5115329027175903,0.13245689868927002,0.739043116569519,0.9888483285903931
4,30,0.38860830664634705,0.7987907528877258,-0.17887546122074127,0.9729615449905396,0.962309718132019
4,31,0.3660668134689331,0.5743620991706848,0.14220008254051208,0.641250491142273,0.9863765835762024
4,32,0.4249306619167328,0.8772391080856323,-0.21573428809642792,0.9732658863067627,0.943433403968811
5,0,0.5072839856147766,0.12492761015892029,0.014883476309478283,0.9920639395713806,0.9941561222076416
5,1,0.5069522857666016,0.10425356030464172,0.01884821057319641,0.988135814666748,0.993473470211029
5,2,0.5055091381072998,0.10170644521713257,0.018935486674308777,0.9879254102706909,0.9931151270866394
5,3,0.5040985941886902,0.0991145670413971,0.018907830119132996,0.9907694458961487,0.9924026727676392
5,4,0.508898138999939,0.10591372847557068,-0.011979816481471062,0.9930520057678223,0.9941639304161072
5,5,0.5089006423950195,0.1043655276298523,-0.012094908393919468,0.9942004680633545,0.9945226907730103
5,6,0.5086679458618164,0.10274162888526917,-0.012072634883224964,0.9937978386878967,0.9945091605186462
5,7,0.4941301941871643,0.08160588145256042,0.05418470874428749,0.9905217885971069,0.9912073016166687
5,8,0.5006468296051025,0.08699285984039307,-0.08438857644796371,0.9930205941200256,0.9945170283317566
5,9,0.4991171360015869,0.12634283304214478,0.035785216838121414,0.9692691564559937,0.9850362539291382
5,10,0.5018524527549744,0.1278286874294281,-0.00464506633579731,0.9753336906433105,0.9877002239227295
5,11,0.46278709173202515,0.11137804388999939,0.15472279489040375,0.9974592328071594,0.9946854114532471
5,12,0.478365033864975,0.09098342061042786,-0.1557021290063858,0.9995936751365662,0.9984514713287354
5,13,0.49206867814064026,0.1882554441690445,0.23511694371700287,0.08699288964271545,0.9928399324417114
5,14,0.5268601179122925,0.16128279268741608,-0.13133184611797333,0.8894668221473694,0.9958853125572205
5,15,0.5042524337768555,0.23763397336006165,0.2465742975473404,0.09459713101387024,0.9898508787155151
5,16,0.5519493222236633,0.1861475110054016,0.01612003892660141,0.6273046731948853,0.9865266680717468
5,17,0.5057936310768127,0.24922332167625427,0.2629895508289337,0.10167986899614334,0.9894912242889404
5,18,0.5519251227378845,0.21981075406074524,0.011983231641352177,0.5998029708862305,0.984536349773407
5,19,0.5054495930671692,0.25122570991516113,0.2426861971616745,0.09917745739221573,0.988258957862854
5,20,0.5509028434753418,0.22015362977981567,0.01593431644141674,0.5981075763702393,0.9826535582542419
5,21,0.5053061842918396,0.24812881648540497,0.2391669601202011,0.10491040349006653,0.9883114695549011
5,22,0.547178328037262,0.21588169038295746,0.023317132145166397,0.5476329326629639,0.9836808443069458
5,23,0.43831557035446167,0.34816890954971313,0.11169467866420746,0.9990487694740295,0.9978057742118835
5,24,0.44699719548225403,0.3710557520389557,-0.11185939610004425,0.9996203184127808,0.998645007610321
5,25,0.44531679153442383,0.5106487274169922,0.06004912033677101,0.473300039768219,0.9907201528549194
5,26,0.4905465245246887,0.5586234331130981,-0.19176405668258667,0.9506934285163879,0.9956766963005066
5,27,0.3458200991153717,0.6162976026535034,0.07869301736354828,0.710163414478302,0.994906485080719
5,28,0.3770727515220642,0.7431560754776001,-0.22776229679584503,0.9675562381744385,0.9950869679450989
5,29,0.3261488080024719,0.6157070994377136,0.08078356832265854,0.8034259676933289,0.9945504069328308
5,30,0.35282838344573975,0.7442659735679626,-0.22975941002368927,0.9352827668190002,0.9933712482452393
5,31,0.3403700590133667,0.6939362287521362,0.06228252872824669,0.7642712593078613,0.9926477670669556
5,32,0.3751024007797241,0.8389776349067688,-0.2713505029678345,0.9607570171356201,0.9881799221038818
6,0,0.4960906207561493,0.03273090720176697,-0.028825823217630386,0.4985215961933136,0.41451603174209595
6,1,0.49946561455726624,0.016370654106140137,-0.016682986170053482,0.4962039589881897,0.433766633272171
6,2,0.501523494720459,0.017491698265075684,-0.016684921458363533,0.4375552535057068,0.41681036353111267
6,3,0.5037282109260559,0.018581807613372803,-0.01675025373697281,0.4577380418777466,0.4131832420825958
6,4,0.4928816258907318,0.010569483041763306,-0.034136705100536346,0.5045343637466431,0.49582210183143616
6,5,0.490206778049469,0.00781288743019104,-0.034319788217544556,0.5071089267730713,0.5322974920272827
6,6,0.4872261583805084,0.004962801933288574,-0.03439389914274216,0.5679601430892944,0.5752046704292297
6,7,0.5005059242248535,0.0159570574760437,0.0750945657491684,0.3611989915370941,0.37736964225769043
6,8,0.4771020710468292,-0.0019195973873138428,0.0012862911680713296,0.5559945106506348,0.5844475030899048
6,9,0.4947375953197479,0.04559910297393799,0.012082405388355255,0.517143189907074,0.4806986153125763
6,10,0.4868404269218445,0.0391269326210022,-0.009754067286849022,0.6069355010986328,0.6289868950843811
6,11,0.5019069314002991,0.07287123799324036,0.1876436173915863,0.9720979928970337,0.8503566980361938
6,12,0.4359249770641327,0.026137560606002808,-0.02138534188270569,0.9912785887718201,0.9480031728744507
6,13,0.5380024313926697,0.13740061223506927,0.23829077184200287,0.18527400493621826,0.9318452477455139
6,14,0.43118205666542053,0.09248965978622437,-0.02685326524078846,0.5904220342636108,0.9505395889282227
6,15,0.5508922338485718,0.1917588710784912,0.1051270067691803,0.18276262283325195,0.7751017212867737
6,16,0.4722987413406372,0.14873266220092773,-0.056481603533029556,0.3634178936481476,0.9095537662506104
6,17,0.556487500667572,0.21789951622486115,0.09052857756614685,0.20593594014644623,0.7954743504524231
6,18,0.48153120279312134,0.17652574181556702,-0.07486820966005325,0.379482239484787,0.9084311127662659
6,19,0.5519853830337524,0.21074266731739044,0.06524117290973663,0.20999214053153992,0.7893026471138
6,20,0.4869615435600281,0.1649918556213379,-0.0907561406493187,0.3890123665332794,0.9036346673965454
6,21,0.5480371713638306,0.20234833657741547,0.09253771603107452,0.21661141514778137,0.7770462036132812
6,22,0.4827982187271118,0.15599194169044495,-0.059015970677137375,0.3428637385368347,0.9030017256736755
6,23,0.46811920404434204,0.3286791443824768,0.08407444506883621,0.9906536936759949,0.969440221786499
6,24,0.4203614592552185,0.3328113555908203,-0.08434103429317474,0.9962607026100159,0.9950478672981262
6,25,0.5516182780265808,0.4814104735851288,-0.07144460082054138,0.7320566773414612,0.9102098941802979
6,26,0.4098930358886719,0.5631205439567566,-0.19511598348617554,0.903311550617218,0.9716187119483948
6,27,0.4237733483314514,0.5698304772377014,0.040572959929704666,0.5407130122184753,0.9911859631538391
6,28,0.3161280155181885,0.7739516496658325,-0.21285924315452576,0.9212830066680908,0.9411332011222839
6,29,0.40793144702911377,0.5666640400886536,0.05042290687561035,0.6351974010467529,0.9930893778800964
6,30,0.2982454299926758,0.8045439720153809,-0.21852919459342957,0.8023900985717773,0.9330889582633972
6,31,0.4451240599155426,0.6835136413574219,0.01925380900502205,0.6202759146690369,0.9836158156394958
6,32,0.3478895127773285,0.8863465189933777,-0.3406970500946045,0.9150240421295166,0.8852853178977966
7,0,0.4932359457015991,-0.05181744694709778,0.16667520999908447,0.9809838533401489,0.965797483921051
7,1,0.496293842792511,-0.05018654465675354,0.15379296243190765,0.982343316078186,0.9620661735534668
7,2,0.4949968457221985,-0.051825642585754395,0.15371404588222504,0.9746745824813843,0.9643374085426331
7,3,0.49374064803123474,-0.053574174642562866,0.15363478660583496,0.9816334843635559,0.9671378135681152
7,4,0.4995212256908417,-0.04778677225112915,0.13705871999263763,0.9820367693901062,0.9522002339363098
7,5,0.5003308653831482,-0.04761520028114319,0.1369311511516571,0.9760751128196716,0.9502301216125488
7,6,0.5008673667907715,-0.047531306743621826,0.13690946996212006,0.981579065322876,0.9485330581665039
7,7,0.4876101613044739,-0.05697512626647949,0.13361577689647675,0.9790094494819641,0.9740933179855347
7,8,0.4965443015098572,-0.05899462103843689,0.06293543428182602,0.9809139966964722,0.9465413093566895
7,9,0.49476951360702515,-0.01764369010925293,0.16988179087638855,0.9698053598403931,0.966578483581543
7,10,0.4973500669002533,-0.01486349105834961,0.14897683262825012,0.9674137234687805,0.9613333344459534
7,11,0.4657561779022217,0.0017286241054534912,0.1799018383026123,0.998082160949707,0.9864815473556519
7,12,0.498965859413147,0.014798164367675781,-0.028707437217235565,0.9985692501068115,0.9786068201065063
7,13,0.47383737564086914,0.10851380228996277,0.1900108903646469,0.1990574449300766,0.9821202158927917
7,14,0.5321065783500671,0.12567490339279175,0.005053889472037554,0.3891178071498871,0.9799641966819763
7,15,0.48584988713264465,0.13020719587802887,0.1298106163740158,0.2387222945690155,0.9880460500717163
7,16,0.5574829578399658,0.122344970703125,0.14922122657299042,0.2502880096435547,0.9875125288963318
7,17,0.48770871758461,0.1432810127735138,0.13129259645938873,0.2690318822860718,0.9863262176513672
7,18,0.5668244957923889,0.13157087564468384,0.15099988877773285,0.28403520584106445,0.9849900603294373
7,19,0.48830142617225647,0.13397061824798584,0.12004724889993668,0.2682025134563446,0.9858942031860352
7,20,0.5621275901794434,0.11787305772304535,0.1557416170835495,0.27687469124794006,0.9841024279594421
7,21,0.4882148802280426,0.1313173919916153,0.12437700480222702,0.28140929341316223,0.9870835542678833
7,22,0.5561291575431824,0.11600427329540253,0.1575872153043747,0.24623587727546692,0.9855550527572632
7,23,0.4613734185695648,0.31664785742759705,0.08326349407434464,0.9989224672317505,0.9979263544082642
7,24,0.44480809569358826,0.3146630823612213,-0.08347857743501663,0.9993496537208557,0.9992054104804993
7,25,0.5608206391334534,0.45614415407180786,0.015172167681157589,0.7406398057937622,0.9646717309951782
7,26,0.3815082907676697,0.5368335247039795,-0.14182527363300323,0.9456602931022644,0.9799643158912659
7,27,0.4606945514678955,0.6129206418991089,0.05924912542104721,0.7245445251464844,0.9874436259269714
7,28,0.2757623791694641,0.738201916217804,-0.1690603494644165,0.9260764718055725,0.9358983039855957
7,29,0.4448738992214203,0.6231308579444885,0.0668390765786171,0.6467021703720093,0.9867206811904907
7,30,0.25577202439308167,0.7666270732879639,-0.1706475466489792,0.7650218605995178,0.9141688346862793
7,31,0.4848768711090088,0.7016013860702515,0.06523339450359344,0.6499500274658203,0.971224844455719
7,32,0.28901535272598267,0.8424920439720154,-0.23813432455062866,0.8546730279922485,0.8707119822502136
8,0,0.5151406526565552,-0.0195482075214386,-0.014031363651156425,0.9859583973884583,0.9571132063865662
8,1,0.51751708984375,-0.03793492913246155,-0.003506914246827364,0.982572078704834,0.9370469450950623
8,2,0.5195825695991516,-0.03805971145629883,-0.0035618976689875126,0.9751968383789062,0.938340961933136
8,3,0.521803081035614,-0.03816905617713928,-0.0036674009170383215,0.9754760265350342,0.9407699108123779
8,4,0.5111519694328308,-0.039898067712783813,-0.019779691472649574,0.9844177961349487,0.9439325928688049
8,5,0.5087640285491943,-0.041061997413635254,-0.01991993747651577,0.9819192886352539,0.9507793188095093
8,6,0.5060572624206543,-0.04236975312232971,-0.019985714927315712,0.9855861067771912,0.9571372270584106
8,7,0.5209037661552429,-0.0389152467250824,0.0778837502002716,0.9776507616043091,0.9621883034706116
8,8,0.49864864349365234,-0.044112950563430786,0.010469655506312847,0.9914496541023254,0.9721565842628479
8,9,0.5160489082336426,-0.00503268837928772,0.022102221846580505,0.9887900352478027,0.9874447584152222
8,10,0.5086023807525635,-0.006684333086013794,0.00202130526304245,0.9928575754165649,0.9909761548042297
8,11,0.5322174429893494,0.038080841302871704,0.18621043860912323,0.9990480542182922,0.9957119226455688
8,12,0.4615373909473419,0.007166177034378052,-0.023728037253022194,0.9996434450149536,0.9974743723869324
8,13,0.5611966252326965,0.09286145865917206,0.18434594571590424,0.3398143947124481,0.990196943283081
8,14,0.44858402013778687,0.08017069101333618,0.03980935364961624,0.8010649681091309,0.9870393872261047
8,15,0.5583074688911438,0.12542741000652313,0.03261493146419525,0.3123539388179779,0.9629339575767517
8,16,0.4698302745819092,0.1416054219007492,0.11989473551511765,0.5685551762580872,0.9810734987258911
8,17,0.559978187084198,0.14545752108097076,0.019899042323231697,0.3018796741962433,0.9583289623260498
8,18,0.4741096496582031,0.1698729544878006,0.11673081666231155,0.5471364855766296,0.9774917960166931
8,19,0.5534828305244446,0.1383894681930542,-0.002206541830673814,0.30346596240997314,0.9604736566543579
8,20,0.47733181715011597,0.16105732321739197,0.10363402217626572,0.5445513725280762,0.9780583381652832
8,21,0.5509703755378723,0.13322408497333527,0.0201275497674942,0.31363341212272644,0.9608595967292786
8,22,0.47472429275512695,0.1530323177576065,0.12183254212141037,0.49116069078445435,0.9786980748176575
8,23,0.4836244583129883,0.3143587112426758,0.0880318358540535,0.9993665814399719,0.998060405254364
8,24,0.42897284030914307,0.31855571269989014,-0.08832722157239914,0.9994901418685913,0.9991762042045593
8,25,0.5732808709144592,0.4729216396808624,-0.08544659614562988,0.968891441822052,0.9874797463417053
8,26,0.36285263299942017,0.5131086707115173,-0.1981593370437622,0.9932020306587219,0.9943990111351013
8,27,0.5033903121948242,0.6808704137802124,0.028515662997961044,0.9515522718429565,0.9956300258636475
8,28,0.25422775745391846,0.7103875875473022,-0.19387829303741455,0.9946672916412354,0.982517421245575
8,29,0.47908809781074524,0.7061054706573486,0.037777069956064224,0.919641375541687,0.995926022529602
8,30,0.23795099556446075,0.7240966558456421,-0.19850735366344452,0.9617815613746643,0.9780293703079224
8,31,0.5399768352508545,0.7769744396209717,-0.021799298003315926,0.9366653561592102,0.9856711030006409
8,32,0.2526598572731018,0.8270585536956787,-0.33306145668029785,0.9891322255134583,0.9411020278930664
9,0,0.5046056509017944,-0.06900525093078613,-0.11997067183256149,0.993274450302124,0.9938788414001465
9,1,0.5130060315132141,-0.06084206700325012,-0.10410238802433014,0.9844713807106018,0.9899925589561462
9,2,0.515073835849762,-0.06090587377548218,-0.10409031063318253,0.9779937267303467,0.989773690700531
9,3,0.5172721147537231,-0.061064571142196655,-0.10416092723608017,0.9820209741592407,0.9895867109298706
9,4,0.5064639449119568,-0.06276202201843262,-0.1198505237698555,0.988146960735321,0.9904304146766663
9,5,0.5043833255767822,-0.06385639309883118,-0.11995744705200195,0.9865129590034485,0.9909239411354065
9,6,0.4986155331134796,-0.0868171751499176,-0.12000265717506409,0.9886456727981567,0.9911110401153564
9,7,0.5186271071434021,-0.05984550714492798,-0.007271533366292715,0.9611265659332275,0.9898812174797058
9,8,0.49645093083381653,-0.0649946928024292,-0.07478264719247818,0.9819890260696411,0.9917209148406982
9,9,0.5124993324279785,-0.026931583881378174,-0.07967559248209,0.9797215461730957,0.9949885010719299
9,10,0.5055415630340576,-0.028297096490859985,-0.09939460456371307,0.9851913452148438,0.9954091906547546
9,11,0.539116382598877,0.029608488082885742,0.10369806736707687,0.9991840720176697,0.9983546137809753
9,12,0.46524322032928467,-0.006996780633926392,-0.09590906649827957,0.9996039271354675,0.998638927936554
9,13,0.5650075674057007,0.08259588479995728,0.0926167219877243,0.5547125339508057,0.9975075721740723
9,14,0.4235254228115082,0.05581420660018921,-0.08914461731910706,0.8828648328781128,0.9962521195411682
9,15,0.5596805810928345,0.13533291220664978,-0.05217621847987175,0.5499611496925354,0.9941520094871521
9,16,0.4409405589103699,0.17302529513835907,-0.10198844969272614,0.6388247013092041,0.9902100563049316
9,17,0.5594742298126221,0.15279407799243927,-0.07732967287302017,0.4527863562107086,0.9921059608459473
9,18,0.4400215446949005,0.2105853408575058,-0.12334340065717697,0.5409597754478455,0.9883429408073425
9,19,0.554894745349884,0.14552149176597595,-0.09426085650920868,0.44602712988853455,0.9928975105285645
9,20,0.4494622051715851,0.21047118306159973,-0.13643047213554382,0.5340414047241211,0.9893763065338135
9,21,0.5534791946411133,0.14245934784412384,-0.06398526579141617,0.416183203458786,0.9933783411979675
9,22,0.44872280955314636,0.1987673044204712,-0.10525337606668472,0.4763590097427368,0.9892680048942566
9,23,0.5034275054931641,0.31017714738845825,0.08447255194187164,0.9995197057723999,0.9993550181388855
9,24,0.4522508382797241,0.2896653711795807,-0.08466484397649765,0.9995068311691284,0.9993577599525452
9,25,0.5689619779586792,0.47861117124557495,-0.02802806906402111,0.9509696364402771,0.9969623684883118
9,26,0.39106330275535583,0.5056586265563965,-0.17408955097198486,0.9907519817352295,0.9981964230537415
9,27,0.5419987440109253,0.7148454785346985,0.07989845424890518,0.9728347063064575,0.9978675842285156
9,28,0.24752503633499146,0.637174129486084,-0.1313219517469406,0.9936268329620361,0.9964599013328552
9,29,0.5236850380897522,0.7443833351135254,0.08360377699136734,0.9240134358406067,0.9976316690444946
9,30,0.22723877429962158,0.6380043029785156,-0.13371601700782776,0.9484249353408813,0.995797872543335
9,31,0.5968490839004517,0.7765481472015381,-0.023798543959856033,0.9534722566604614,0.9937712550163269
9,32,0.23489001393318176,0.7167556285858154,-0.2723921537399292,0.9846833348274231,0.9892755150794983
10,0,0.5232839584350586,0.011209219694137573,0.14711837470531464,0.9842402935028076,0.9901272058486938
10,1,0.5199728012084961,-0.004697829484939575,0.156713604927063,0.9810853004455566,0.987944483757019
10,2,0.5196447372436523,-0.00513121485710144,0.15667255222797394,0.9760396480560303,0.9888446927070618
10,3,0.5194078087806702,-0.005627840757369995,0.15659742057323456,0.9809445142745972,0.9896877408027649
10,4,0.519329309463501,-0.005553573369979858,0.13278509676456451,0.9848859906196594,0.986732542514801
10,5,0.5185062885284424,-0.006441265344619751,0.1326318383216858,0.9843069314956665,0.9869779944419861
10,6,0.5173707008361816,-0.007388442754745483,0.1326204538345337,0.9844250679016113,0.9870142936706543
10,7,0.510979175567627,-0.006488800048828125,0.202025905251503,0.9747534394264221,0.9929686188697815
10,8,0.508194088935852,-0.007096618413925171,0.09643122553825378,0.9854274392127991,0.9902698993682861
10,9,0.5194913744926453,0.023552775382995605,0.16867303848266602,0.9590888023376465,0.99460768699646
10,10,0.5189653635025024,0.023037970066070557,0.13794942200183868,0.9635177254676819,0.9940733313560486
10,11,0.5024283528327942,0.059994131326675415,0.25911086797714233,0.9997596144676208,0.9992998838424683
10,12,0.48864027857780457,0.03923037648200989,-0.0036805400159209967,0.999884843826294,0.9994745850563049
10,13,0.5300300121307373,0.13715597987174988,0.24968485534191132,0.11916323006153107,0.9989286065101624
10,14,0.5133291482925415,0.10951687395572662,0.023801913484930992,0.8272886872291565,0.998960018157959
10,15,0.5391368269920349,0.18451333045959473,0.18950186669826508,0.1678956300020218,0.9961534142494202
10,16,0.5422141551971436,0.14739106595516205,0.16624073684215546,0.554150402545929,0.995664656162262
10,17,0.543188750743866,0.20042461156845093,0.19017620384693146,0.1644718050956726,0.9947888851165771
10,18,0.5503079295158386,0.16201184689998627,0.16594339907169342,0.4961802661418915,0.9936602711677551
10,19,0.5406776666641235,0.19784605503082275,0.1781153380870819,0.15895430743694305,0.9946010112762451
10,20,0.5494760870933533,0.1592119336128235,0.17400716245174408,0.47739553451538086,0.9930905699729919
10,21,0.5388044118881226,0.1939869523048401,0.18155504763126373,0.16145053505897522,0.995179295539856
10,22,0.5443377494812012,0.1557379961013794,0.17548389732837677,0.4105880558490753,0.9935833811759949
10,23,0.49347829818725586,0.31549668312072754,0.08389660716056824,0.9999434947967529,0.9996616840362549
10,24,0.4690295457839966,0.2996594309806824,-0.08406274020671844,0.9998753070831299,0.9995488524436951
10,25,0.5602998733520508,0.5063135027885437,0.013503859750926495,0.885490357875824,0.9961983561515808
10,26,0.4258864223957062,0.5187961459159851,-0.17404380440711975,0.9782987833023071,0.9968344569206238
10,27,0.5516862273216248,0.7486036419868469,-0.02258460596203804,0.9655201435089111,0.9940881729125977
10,28,0.26696938276290894,0.5654071569442749,-0.21371819078922272,0.9845947027206421,0.9941356182098389
10,29,0.5368508696556091,0.7802035808563232,-0.029001684859395027,0.9306554198265076,0.9932756423950195
10,30,0.24557901918888092,0.5592683553695679,-0.218216210603714,0.9518775939941406,0.9937077760696411
10,31,0.5920528769493103,0.7794770002365112,-0.09855818748474121,0.9393066763877869,0.9832794666290283
10,32,0.24622495472431183,0.6687148809432983,-0.2904145419597626,0.9684051275253296,0.9835604429244995
11,0,0.5434808135032654,0.08019241690635681,0.11777497082948685,0.9908708930015564,0.9917324781417847
11,1,0.54312664270401,0.06639280915260315,0.12419797480106354,0.9919385313987732,0.9919844269752502
11,2,0.542793869972229,0.06651028990745544,0.12415075302124023,0.9896440505981445,0.9926405549049377
11,3,0.5395309925079346,0.06498405337333679,0.12407263368368149,0.9929960370063782,0.9932643175125122
11,4,0.5433235168457031,0.06477653980255127,0.10159005224704742,0.9934095144271851,0.9910286068916321
11,5,0.5431404113769531,0.06385040283203125,0.10145001113414764,0.993202269077301,0.9911426305770874
11,6,0.5429511070251465,0.062418192625045776,0.10145700722932816,0.9934839606285095,0.9913017153739929
11,7,0.5286137461662292,0.06682097911834717,0.1562199741601944,0.9923640489578247,0.9955857992172241
11,8,0.5340750217437744,0.06521013379096985,0.05590253323316574,0.9923874139785767,0.993401825428009
11,9,0.5395452976226807,0.09518036246299744,0.13333213329315186,0.9760021567344666,0.9941853880882263
11,10,0.5407779216766357,0.08682548999786377,0.104120634496212,0.9768163561820984,0.9934912323951721
11,11,0.5079686641693115,0.13415786623954773,0.2122114598751068,0.9994144439697266,0.9992091059684753
11,12,0.5183640122413635,0.10584273934364319,-0.03611975163221359,0.9998251795768738,0.9995049238204956
11,13,0.5196222066879272,0.20618686079978943,0.2284276783466339,0.05114419758319855,0.9988011121749878
11,14,0.556267499923706,0.15157727897167206,-0.02262432500720024,0.837230384349823,0.999196469783783
11,15,0.5266247391700745,0.23927344381809235,0.206085667014122,0.05920116603374481,0.9970796704292297
11,16,0.575838029384613,0.1587560623884201,0.09600916504859924,0.49826499819755554,0.9947506785392761
11,17,0.5274695158004761,0.24865292012691498,0.21208825707435608,0.06610885262489319,0.9964680671691895
11,18,0.5802316665649414,0.16027793288230896,0.09615067392587662,0.47872230410575867,0.9921016097068787
11,19,0.5289260745048523,0.24736614525318146,0.19857685267925262,0.06470878422260284,0.9961689114570618
11,20,0.5777614116668701,0.1592068076133728,0.10656295716762543,0.46708232164382935,0.9914671182632446
11,21,0.5284678936004639,0.24505704641342163,0.1988128274679184,0.06545516103506088,0.9965445399284363
11,22,0.5738863945007324,0.15994985401630402,0.10503599792718887,0.41648873686790466,0.9924008846282959
11,23,0.4936327636241913,0.3754712641239166,0.07791320979595184,0.9999285936355591,0.9998278617858887
11,24,0.48961368203163147,0.36381861567497253,-0.0780261754989624,0.9998767375946045,0.9997859597206116
11,25,0.5486024022102356,0.5657082796096802,0.05882867053151131,0.8365402221679688,0.9979063272476196
11,26,0.46006128191947937,0.5478028059005737,-0.12334401905536652,0.9762223362922668,0.9976199269294739
11,27,0.5266270637512207,0.7528070211410522,0.0134096909314394,0.9507780075073242,0.9960004687309265
11,28,0.3395840525627136,0.5631948709487915,-0.14277082681655884,0.9827395677566528,0.9956532716751099
11,29,0.4937054514884949,0.730525016784668,0.006158904638141394,0.9235215783119202,0.9950487017631531
11,30,0.30385828018188477,0.5121006369590759,-0.14342039823532104,0.9626611471176147,0.9957008957862854
11,31,0.5293090343475342,0.7941367030143738,-0.04057137668132782,0.9321404695510864,0.9905153512954712
11,32,0.3174062669277191,0.6262577772140503,-0.17588165402412415,0.9676014184951782,0.99172443151474
12,0,0.5693483948707581,0.027536213397979736,-0.12462129443883896,0.9521430730819702,0.9091038107872009
12,1,0.5664220452308655,0.0067369043827056885,-0.11146380007266998,0.9151431918144226,0.9172441959381104
12,2,0.5660954713821411,0.005968689918518066,-0.11150413751602173,0.9085450172424316,0.9200229048728943
12,3,0.5658910274505615,0.0051763951778411865,-0.11163340508937836,0.9268848299980164,0.9230861067771912
12,4,0.5643580555915833,0.005682647228240967,-0.14715702831745148,0.9392455816268921,0.9203813672065735
12,5,0.5623486042022705,0.004057705402374268,-0.14733900129795074,0.9488651156425476,0.9223664402961731
12,6,0.5600439310073853,0.0023121237754821777,-0.14744022488594055,0.9478073716163635,0.9260969161987305
12,7,0.5525220036506653,-0.0015324950218200684,-0.02913866937160492,0.8846758604049683,0.9361397624015808
12,8,0.5445550084114075,-0.0038316547870635986,-0.1890416145324707,0.9537187814712524,0.940310537815094
12,9,0.5620455145835876,0.03918883204460144,-0.08783970028162003,0.895810604095459,0.9451087713241577
12,10,0.5597394704818726,0.038228243589401245,-0.13394808769226074,0.9260995388031006,0.9502375721931458
12,11,0.5352134704589844,0.07230469584465027,0.10660329461097717,0.9986466765403748,0.9961757659912109
12,12,0.51080322265625,0.04881677031517029,-0.261106014251709,0.9994397759437561,0.9977965354919434
12,13,0.5450460314750671,0.1591671109199524,0.1531207114458084,0.08900835365056992,0.9941359758377075
12,14,0.5106732249259949,0.1328945755958557,-0.31625083088874817,0.9297978281974792,0.9950093030929565
12,15,0.5541034936904907,0.2182285040616989,0.07913988083600998,0.12378823757171631,0.9766079187393188
12,16,0.5585666298866272,0.21710003912448883,-0.26427680253982544,0.735386312007904,0.9785793423652649
12,17,0.5590933561325073,0.25050488114356995,0.07214730978012085,0.12972098588943481,0.9740267992019653
12,18,0.5760517120361328,0.2652566134929657,-0.2946012318134308,0.6710402965545654,0.9745229482650757
12,19,0.5592970848083496,0.24761681258678436,0.04712381958961487,0.12892358005046844,0.9729787111282349
12,20,0.5855551958084106,0.25949639081954956,-0.2794240713119507,0.6614038944244385,0.9756989479064941
12,21,0.5577074885368347,0.24164065718650818,0.06470680981874466,0.12775488197803497,0.9724599719047546
12,22,0.5787709951400757,0.24806062877178192,-0.25521281361579895,0.5943796634674072,0.9752389788627625
12,23,0.5111918449401855,0.34155693650245667,0.11510167270898819,0.9996745586395264,0.998479425907135
12,24,0.4847365617752075,0.3294793963432312,-0.11522890627384186,0.9992266893386841,0.9979590177536011
12,25,0.5312452912330627,0.5574994087219238,0.10395938158035278,0.6957547664642334,0.9922702312469482
12,26,0.48036959767341614,0.5063211917877197,-0.16088759899139404,0.910222053527832,0.9857134819030762
12,27,0.48942017555236816,0.7729606032371521,0.09790223836898804,0.8799805045127869,0.9834835529327393
12,28,0.3455825746059418,0.5257775783538818,-0.09931352734565735,0.9212090373039246,0.9842510223388672
12,29,0.47442367672920227,0.7993897199630737,0.09248156100511551,0.8145237565040588,0.9767155051231384
12,30,0.33509016036987305,0.5131888389587402,-0.093815378844738,0.8678460121154785,0.9851592183113098
12,31,0.49528688192367554,0.8387408256530762,0.02181810513138771,0.8529123663902283,0.9610385894775391
12,32,0.32103627920150757,0.626147449016571,-0.14261531829833984,0.9107218384742737,0.9768558740615845
13,0,0.5566840171813965,0.07057967782020569,-0.05193062499165535,0.9363217949867249,0.896967351436615
13,1,0.5543071031570435,0.051420390605926514,-0.042181793600320816,0.902489960193634,0.9200944900512695
13,2,0.553255558013916,0.04998871684074402,-0.04221387580037117,0.9014339447021484,0.9265547394752502
13,3,0.5522896647453308,0.0485176146030426,-0.042352285236120224,0.928994357585907,0.9330172538757324
13,4,0.5545234680175781,0.05183097720146179,-0.07403820753097534,0.9262599945068359,0.9127482175827026
13,5,0.5534653067588806,0.05042523145675659,-0.07416848093271255,0.9404957294464111,0.9117045402526855
13,6,0.5521491765975952,0.04890942573547363,-0.07420913875102997,0.9359413385391235,0.9143756031990051
13,7,0.5390276312828064,0.03896710276603699,0.016553401947021484,0.9277390241622925,0.9444087743759155
13,8,0.5392732620239258,0.04059484601020813,-0.12657466530799866,0.9482154250144958,0.9251644015312195
13,9,0.5479790568351746,0.07842716574668884,-0.02527466230094433,0.8613777160644531,0.9339064955711365
13,10,0.5484963059425354,0.07869565486907959,-0.066707544028759,0.899114727973938,0.9277327656745911
13,11,0.5172308087348938,0.10383614897727966,0.12343734502792358,0.9989240765571594,0.996122419834137
13,12,0.5100209712982178,0.09420058131217957,-0.19064432382583618,0.9989429116249084,0.9965963959693909
13,13,0.535824716091156,0.21339748799800873,0.1719149351119995,0.11566649377346039,0.9923917651176453
13,14,0.5297070741653442,0.18869644403457642,-0.2283504754304886,0.8934087753295898,0.9928573369979858
13,15,0.5535694360733032,0.268122136592865,0.12751024961471558,0.15487262606620789,0.9758551716804504
13,16,0.5617823600769043,0.2431003600358963,-0.14715681970119476,0.7260703444480896,0.9657970666885376
13,17,0.5578109622001648,0.279957115650177,0.13053344190120697,0.17086099088191986,0.9782934188842773
13,18,0.5680527091026306,0.2583680748939514,-0.1654871702194214,0.6880653500556946,0.9634516835212708
13,19,0.558906614780426,0.2763673961162567,0.11140036582946777,0.16839759051799774,0.975023627281189
13,20,0.5703261494636536,0.2524780035018921,-0.15269477665424347,0.6861615777015686,0.9617606401443481
13,21,0.5569393038749695,0.2725975215435028,0.11736472696065903,0.1704532653093338,0.9737218618392944
13,22,0.5662204623222351,0.246644988656044,-0.13899405300617218,0.6235608458518982,0.9612219333648682
13,23,0.49653151631355286,0.34989458322525024,0.10466781258583069,0.9996905326843262,0.9978383183479309
13,24,0.4858545958995819,0.3462091088294983,-0.10478859394788742,0.9986675977706909,0.9966849684715271
13,25,0.557174563407898,0.5758958458900452,0.0990326851606369,0.5845995545387268,0.9853994250297546
13,26,0.5447043180465698,0.5267749428749084,-0.15803293883800507,0.8839498162269592,0.9708930253982544
13,27,0.45872652530670166,0.7240097522735596,0.08117617666721344,0.8179892897605896,0.9778032302856445
13,28,0.4087948799133301,0.5273216962814331,-0.10702019929885864,0.8736312985420227,0.9752299189567566
13,29,0.4391002058982849,0.7238359451293945,0.07684057205915451,0.7958590388298035,0.9719411134719849
13,30,0.3930565416812897,0.5054948925971985,-0.09934697300195694,0.8575011491775513,0.9791135191917419
13,31,0.44896337389945984,0.8103510141372681,0.041038449853658676,0.8044581413269043,0.9527115225791931
13,32,0.3822088837623596,0.6181297302246094,-0.10177992284297943,0.8833546042442322,0.9678738117218018
14,0,0.5841482281684875,0.19111916422843933,0.07885387539863586,0.836455225944519,0.959387481212616
14,1,0.587803304195404,0.1842031478881836,0.07447598874568939,0.8593194484710693,0.9459528923034668
14,2,0.5862242579460144,0.18154025077819824,0.07437237352132797,0.8039859533309937,0.9424014091491699
14,3,0.5846774578094482,0.17878276109695435,0.07427269220352173,0.8631987571716309,0.9401965141296387
14,4,0.5905872583389282,0.18815463781356812,0.06078256666660309,0.8842519521713257,0.9561464190483093
14,5,0.5910837054252625,0.18768525123596191,0.060514822602272034,0.862490713596344,0.9598578810691833
14,6,0.5913001298904419,0.18711376190185547,0.06045518442988396,0.9032592177391052,0.9642781019210815
14,7,0.5754883289337158,0.16326257586479187,0.06419398635625839,0.8456696271896362,0.9549680352210999
14,8,0.5841598510742188,0.17425724864006042,0.00018590912804938853,0.8879747986793518,0.9829860329627991
14,9,0.5723912715911865,0.18512079119682312,0.08068442344665527,0.8301382660865784,0.9742228388786316
14,10,0.576701819896698,0.18775701522827148,0.06176495552062988,0.872006893157959,0.9814196825027466
14,11,0.5341234803199768,0.14262574911117554,0.05730754882097244,0.9967606663703918,0.9891412258148193
14,12,0.5476641058921814,0.1698644757270813,-0.03726191818714142,0.9987209439277649,0.9977710247039795
14,13,0.5334129929542542,0.13082081079483032,0.10213446617126465,0.03393799439072609,0.9799071550369263
14,14,0.5606236457824707,0.14807119965553284,-0.060529906302690506,0.4899138808250427,0.995642900466919
14,15,0.5811634659767151,0.13783860206604004,0.12020978331565857,0.03576686978340149,0.9443960189819336
14,16,0.6165506839752197,0.13723447918891907,-0.018310053274035454,0.2841072976589203,0.9873305559158325
14,17,0.5933068990707397,0.13294821977615356,0.11934589594602585,0.05292317643761635,0.9466091394424438
14,18,0.6315595507621765,0.12854692339897156,-0.027707723900675774,0.25288403034210205,0.9830467104911804
14,19,0.5987547636032104,0.14348959922790527,0.10386255383491516,0.051969241350889206,0.9410464763641357
14,20,0.6297121644020081,0.11786589026451111,-0.018698785454034805,0.24327842891216278,0.9833608865737915
14,21,0.5939434170722961,0.1458655595779419,0.11479152739048004,0.0559752993285656,0.9446122050285339
14,22,0.6234058737754822,0.1208670437335968,-0.012501408345997334,0.20204851031303406,0.9848953485488892
14,23,0.5174452662467957,0.3919037878513336,0.03456507623195648,0.9996515512466431,0.999549925327301
14,24,0.5139608383178711,0.3991912007331848,-0.03454479202628136,0.9996167421340942,0.9997946619987488
14,25,0.5898151397705078,0.5224933624267578,-0.10614999383687973,0.6888891458511353,0.9909623265266418
14,26,0.5590338706970215,0.4807720482349396,-0.18058493733406067,0.7935327887535095,0.9943503737449646
14,27,0.4888934791088104,0.6008384227752686,-0.11331772059202194,0.6023457050323486,0.9936020970344543
14,28,0.48052918910980225,0.5059832334518433,-0.17503885924816132,0.6367499828338623,0.9889255166053772
14,29,0.46890005469322205,0.5985618829727173,-0.11284469068050385,0.6277279257774353,0.9921565055847168
14,30,0.46391668915748596,0.4989554286003113,-0.17033618688583374,0.6921731233596802,0.9890784621238708
14,31,0.4720408618450165,0.6530274152755737,-0.12321479618549347,0.6492321491241455,0.9820641279220581
14,32,0.4628462493419647,0.5360147953033447,-0.16690167784690857,0.7297536134719849,0.9808644652366638
15,0,0.5669202208518982,0.14088040590286255,-0.05152048170566559,0.9940295219421387,0.9969524145126343
15,1,0.5730670690536499,0.13070565462112427,-0.037520263344049454,0.9943923354148865,0.9975690245628357
15,2,0.5746301412582397,0.13226868212223053,-0.03757360577583313,0.9930792450904846,0.9976890087127686
15,3,0.5762696266174316,0.1338268369436264,-0.03770233318209648,0.9932432770729065,0.997877836227417
15,4,0.5668122172355652,0.12282875180244446,-0.05547923594713211,0.9958421587944031,0.9978072047233582
15,5,0.5642650127410889,0.11910545825958252,-0.05578608065843582,0.9957650899887085,0.998023271560669
15,6,0.561366617679596,0.11538171768188477,-0.05580545961856842,0.9963271021842957,0.9982935786247253
15,7,0.5723609924316406,0.12557706236839294,0.05239056795835495,0.9958481788635254,0.9988816380500793
15,8,0.5495014190673828,0.09986835718154907,-0.025486256927251816,0.9986857771873474,0.9992190599441528
15,9,0.5614930391311646,0.15007519721984863,-0.01283121109008789,0.9964555501937866,0.9988213181495667
15,10,0.5553516745567322,0.14114931225776672,-0.03660939633846283,0.9981787204742432,0.9993646740913391
15,11,0.567383885383606,0.16309517621994019,0.15035006403923035,0.9995740056037903,0.9986764788627625
15,12,0.49213555455207825,0.11173680424690247,-0.01171975675970316,0.9999165534973145,0.9996992349624634
15,13,0.61007159948349,0.20329704880714417,0.10747972875833511,0.4112465977668762,0.99562007188797
15,14,0.5020199418067932,0.15479502081871033,0.04098636656999588,0.8286869525909424,0.9954296350479126
15,15,0.6306667923927307,0.0999840795993805,-0.09437961131334305,0.636508584022522,0.9948499798774719
15,16,0.5694671273231506,0.11735397577285767,0.11807941645383835,0.7990204691886902,0.996812641620636
15,17,0.6413120031356812,0.07760995626449585,-0.11743900924921036,0.7296329736709595,0.996155321598053
15,18,0.5890147686004639,0.11610928177833557,0.12020716816186905,0.821014404296875,0.9970386028289795
15,19,0.6375110149383545,0.06597745418548584,-0.1286720633506775,0.7154902219772339,0.9960708618164062
15,20,0.5884799957275391,0.10059896111488342,0.1156141608953476,0.8089555501937866,0.9971223473548889
15,21,0.634997546672821,0.07409623265266418,-0.1039174422621727,0.7204489707946777,0.9958778619766235
15,22,0.5819697976112366,0.1024080216884613,0.12465047836303711,0.7594373822212219,0.9971680045127869
15,23,0.5366765856742859,0.3604755103588104,0.07435627281665802,0.9998534917831421,0.9992708563804626
15,24,0.4864407777786255,0.3412730097770691,-0.07445500791072845,0.9998941421508789,0.9998252987861633
15,25,0.62812340259552,0.45670977234840393,-0.10663173347711563,0.9698328375816345,0.9948594570159912
15,26,0.44750142097473145,0.5320512652397156,-0.21962857246398926,0.9926971793174744,0.9981946349143982
15,27,0.5136227011680603,0.6287544369697571,-0.03528246656060219,0.9165762662887573,0.9989727735519409
15,28,0.35754626989364624,0.720644474029541,-0.2533234655857086,0.9817360639572144,0.992735743522644
15,29,0.4876033663749695,0.6256568431854248,-0.03125366196036339,0.9244014024734497,0.9988935589790344
15,30,0.3455659747123718,0.7350389957427979,-0.26120641827583313,0.9697965383529663,0.9906715154647827
15,31,0.5150834918022156,0.7308557629585266,-0.07086773216724396,0.9376935362815857,0.9957923889160156
15,32,0.35410600900650024,0.8127985000610352,-0.3640007972717285,0.9846895933151245,0.9727839827537537
16,0,0.5747630596160889,0.12613724172115326,-0.40899139642715454,0.9992297887802124,0.9996806383132935
16,1,0.5770940184593201,0.11404578387737274,-0.39407795667648315,0.9985283613204956,0.9994117021560669
16,2,0.5793812274932861,0.11381614208221436,-0.3942144215106964,0.9975577592849731,0.9993155002593994
16,3,0.5817703604698181,0.11366666853427887,-0.3941858112812042,0.9977805018424988,0.9991814494132996
16,4,0.5687953233718872,0.11296123266220093,-0.4112289547920227,0.9990888833999634,0.9995794892311096
16,5,0.5658266544342041,0.11270353198051453,-0.41146859526634216,0.9989356398582458,0.9996247291564941
16,6,0.5625717639923096,0.11229939758777618,-0.4115636348724365,0.9991129040718079,0.9996373653411865
16,7,0.5788223743438721,0.11238501965999603,-0.2698717415332794,0.9969121217727661,0.9992597699165344
16,8,0.550357460975647,0.11047577857971191,-0.3414160907268524,0.9990633130073547,0.9996782541275024
16,9,0.5743454098701477,0.1367303431034088,-0.355012446641922,0.9979124665260315,0.9996349811553955
16,10,0.5661596059799194,0.13620322942733765,-0.3767356276512146,0.9985641837120056,0.9997562766075134
16,11,0.5857733488082886,0.13727177679538727,-0.11551524698734283,0.9990805387496948,0.9984220266342163
16,12,0.5092621445655823,0.1378539800643921,-0.29636111855506897,0.9992542862892151,0.9969910383224487
16,13,0.6310686469078064,0.15117570757865906,-0.1153901144862175,0.456035315990448,0.9920389652252197
16,14,0.5474454760551453,0.16650819778442383,-0.32596227526664734,0.8573480248451233,0.9677608609199524
16,15,0.6436342597007751,0.06599864363670349,-0.2414051741361618,0.628146231174469,0.9914044141769409
16,16,0.613429069519043,0.08460503816604614,-0.30935004353523254,0.6801181435585022,0.982218861579895
16,17,0.6563687920570374,0.038984090089797974,-0.2654174566268921,0.5929374694824219,0.9932676553726196
16,18,0.6240959167480469,0.0871722400188446,-0.3268120288848877,0.6345382332801819,0.9870535731315613
16,19,0.6545562744140625,0.03505301475524902,-0.27887386083602905,0.596632719039917,0.9943307638168335
16,20,0.6149675250053406,0.06791447103023529,-0.3377339541912079,0.6599531769752502,0.988906979560852
16,21,0.648639976978302,0.04385128617286682,-0.2509514093399048,0.5488577485084534,0.9945940375328064
16,22,0.6080034971237183,0.07026764750480652,-0.3096073865890503,0.5405149459838867,0.988272488117218
16,23,0.5492941737174988,0.3391251862049103,0.07330465316772461,0.9988595247268677,0.9980924725532532
16,24,0.502245306968689,0.32778695225715637,-0.07329805940389633,0.9988850951194763,0.9971897006034851
16,25,0.6410948038101196,0.4413895308971405,-0.14427387714385986,0.9757983684539795,0.993320882320404
16,26,0.43368250131607056,0.4917968511581421,-0.21627189218997955,0.9913066029548645,0.9953448176383972
16,27,0.5627438426017761,0.659178614616394,0.00018125638598576188,0.9656444191932678,0.9972484707832336
16,28,0.339741587638855,0.6796784400939941,-0.20218269526958466,0.9919437170028687,0.9926899075508118
16,29,0.5397298336029053,0.6838703155517578,0.009641083888709545,0.9573960900306702,0.9971930384635925
16,30,0.328808456659317,0.6904729604721069,-0.20644699037075043,0.948696494102478,0.9904692769050598
16,31,0.6014836430549622,0.747345507144928,-0.08023235201835632,0.9618082642555237,0.9901925325393677
16,32,0.32872799038887024,0.7551658153533936,-0.35141435265541077,0.9875024557113647,0.9762618541717529
17,0,0.5895327925682068,0.1385972797870636,-0.48438867926597595,0.9976444840431213,0.9990921020507812
17,1,0.5903364419937134,0.12436705827713013,-0.4736720025539398,0.9946668148040771,0.9983250498771667
17,2,0.5916883945465088,0.12258441746234894,-0.47377046942710876,0.9915829300880432,0.9980778694152832
17,3,0.5931476950645447,0.1208512932062149,-0.4738130271434784,0.9924548864364624,0.9977370500564575
17,4,0.5842958688735962,0.12701283395290375,-0.49522078037261963,0.9971617460250854,0.998753547668457
17,5,0.581859290599823,0.12757925689220428,-0.4954502284526825,0.996756374835968,0.998853325843811
17,6,0.579148530960083,0.1279943734407425,-0.4955519139766693,0.9971590042114258,0.9988834261894226
17,7,0.5872666239738464,0.11318860948085785,-0.3557797968387604,0.9889950752258301,0.9981945157051086
17,8,0.566355288028717,0.12301325798034668,-0.4497848153114319,0.9966957569122314,0.9991812109947205
17,9,0.5867581963539124,0.14466050267219543,-0.43088069558143616,0.9933314919471741,0.9993267059326172
17,10,0.5815482139587402,0.1481499820947647,-0.4586811065673828,0.9957031607627869,0.9995155334472656
17,11,0.585975706577301,0.11844430863857269,-0.17148563265800476,0.9995506405830383,0.9991484880447388
17,12,0.5253620743751526,0.14807648956775665,-0.3977230191230774,0.9997162222862244,0.9985577464103699
17,13,0.6171965003013611,0.11635535955429077,-0.0826287791132927,0.28577670454978943,0.9942606687545776
17,14,0.5430157780647278,0.18239334225654602,-0.4280150234699249,0.8532171249389648,0.9818069934844971
17,15,0.647034764289856,0.07440264523029327,-0.11968716233968735,0.45987391471862793,0.9886779189109802
17,16,0.5983229279518127,0.1637706607580185,-0.45033812522888184,0.688231885433197,0.9811797738075256
17,17,0.6588759422302246,0.056503236293792725,-0.12922856211662292,0.4367821514606476,0.9903025031089783
17,18,0.6142590045928955,0.1732519268989563,-0.477245569229126,0.6563682556152344,0.9860169291496277
17,19,0.6579462289810181,0.04600948095321655,-0.15574708580970764,0.4413602650165558,0.9912746548652649
17,20,0.6147017478942871,0.15213489532470703,-0.4907088279724121,0.6849737167358398,0.9880908727645874
17,21,0.6532751321792603,0.05857586860656738,-0.13213476538658142,0.40247130393981934,0.9915048480033875
17,22,0.6074244976043701,0.14615824818611145,-0.45307520031929016,0.5618239045143127,0.9859473705291748
17,23,0.5476499795913696,0.3235458731651306,0.08005621284246445,0.9994246959686279,0.9982131719589233
17,24,0.5109419226646423,0.3262127637863159,-0.08004315197467804,0.9994825124740601,0.9967398047447205
17,25,0.640859067440033,0.45977121591567993,-0.09290417283773422,0.9777210354804993,0.9958246946334839
17,26,0.44183945655822754,0.49396973848342896,-0.20232176780700684,0.9943852424621582,0.9966345429420471
17,27,0.6098933219909668,0.6977593898773193,0.03501192480325699,0.9853819608688354,0.9973580241203308
17,28,0.32480478286743164,0.6356048583984375,-0.17212149500846863,0.9969479441642761,0.996439516544342
17,29,0.5958115458488464,0.720221996307373,0.04264385625720024,0.9675059914588928,0.9971733093261719
17,30,0.30693817138671875,0.6364760398864746,-0.17352904379367828,0.9748464226722717,0.9956071972846985
17,31,0.6627564430236816,0.7633928656578064,-0.06509803980588913,0.9773181676864624,0.9927459359169006
17,32,0.29993751645088196,0.7064080238342285,-0.3151232898235321,0.9940863847732544,0.98964524269104
18,0,0.5875513553619385,0.1192394495010376,0.26931631565093994,0.9979143738746643,0.9999860525131226
18,1,0.5873947739601135,0.10798893868923187,0.29892703890800476,0.9974474906921387,0.9999847412109375
18,2,0.5876678228378296,0.1081128865480423,0.29890748858451843,0.9964516162872314,0.9999858140945435
18,3,0.5879946947097778,0.10826937854290009,0.29900211095809937,0.9971924424171448,0.999987006187439
18,4,0.5846332907676697,0.10428142547607422,0.26963815093040466,0.9980111122131348,0.9999833106994629
18,5,0.5832383036613464,0.10191857814788818,0.269460529088974,0.9976309537887573,0.9999834299087524
18,6,0.5816081166267395,0.09946298599243164,0.269481897354126,0.9977697134017944,0.9999823570251465
18,7,0.5799323320388794,0.10173439979553223,0.38362106680870056,0.9959167838096619,0.9999914169311523
18,8,0.5706207752227783,0.09183907508850098,0.252790629863739,0.9981899857521057,0.9999867677688599
18,9,0.5821885466575623,0.12808410823345184,0.2981436550617218,0.996030867099762,0.9999868869781494
18,10,0.5802060961723328,0.12437199056148529,0.2591213881969452,0.9959497451782227,0.9999861717224121
18,11,0.5561507344245911,0.1479892134666443,0.40464022755622864,0.9999023675918579,0.9999445676803589
18,12,0.540861189365387,0.1025761067867279,0.13275063037872314,0.9999908208847046,0.9999786615371704
18,13,0.5806940793991089,0.18291012942790985,0.3726777732372284,0.09012170881032944,0.9998667240142822
18,14,0.567678689956665,0.1321464478969574,0.10128898173570633,0.9799287915229797,0.9998842477798462
18,15,0.615771472454071,0.1362004280090332,0.31482699513435364,0.2555788457393646,0.9997522234916687
18,16,0.6231264472007751,0.1389165073633194,0.22487226128578186,0.8610364198684692,0.9996858835220337
18,17,0.6305049657821655,0.12176810204982758,0.31007808446884155,0.24828198552131653,0.9996529817581177
18,18,0.6355117559432983,0.15520073473453522,0.22478963434696198,0.7607631087303162,0.9994230270385742
18,19,0.6410984992980957,0.11610768735408783,0.3032512366771698,0.24261505901813507,0.9996670484542847
18,20,0.6336460709571838,0.16086111962795258,0.24033160507678986,0.7331657409667969,0.9994356036186218
18,21,0.6296547651290894,0.12152746319770813,0.3062126338481903,0.2609484791755676,0.9997383952140808
18,22,0.6233612298965454,0.13449274003505707,0.2365640550851822,0.6647413969039917,0.999556839466095
18,23,0.5468292832374573,0.3557136356830597,0.09559039771556854,0.9999861717224121,0.9999600648880005
18,24,0.5282819867134094,0.31800377368927,-0.09517034888267517,0.9999758005142212,0.9999723434448242
18,25,0.6325494647026062,0.4912818670272827,-0.034911204129457474,0.974582314491272,0.9994189739227295
18,26,0.4790475368499756,0.5060976147651672,-0.2542021870613098,0.9987866282463074,0.9997230172157288
18,27,0.6300098299980164,0.7343858480453491,-0.11665157228708267,0.9843480587005615,0.9991623163223267
18,28,0.33605945110321045,0.5679466128349304,-0.3602440059185028,0.9956344962120056,0.9985411167144775
18,29,0.6144587397575378,0.769914984703064,-0.13448695838451385,0.9767726063728333,0.9990524649620056
18,30,0.3193458318710327,0.5557600259780884,-0.3752883970737457,0.988523542881012,0.9981865286827087
18,31,0.6737313270568848,0.7771937847137451,-0.20728710293769836,0.9747332334518433,0.9961016178131104
18,32,0.31102389097213745,0.6690195202827454,-0.45746690034866333,0.9891226887702942,0.9942952990531921
19,0,0.5922643542289734,0.1157485693693161,-0.002652023918926716,0.9667378664016724,0.9868164658546448
19,1,0.5927901268005371,0.0986013114452362,0.010001947171986103,0.9654446840286255,0.9864538311958313
19,2,0.5924460291862488,0.09790456295013428,0.010062269866466522,0.9578922390937805,0.9863280653953552
19,3,0.5921681523323059,0.0972212553024292,0.010038631036877632,0.9712139368057251,0.9858177304267883
19,4,0.5916129350662231,0.0954364538192749,-0.019061097875237465,0.9735238552093506,0.9879677295684814
19,5,0.5904552340507507,0.09243625402450562,-0.019231852144002914,0.9751389026641846,0.9895620942115784
19,6,0.5890438556671143,0.0893932580947876,-0.019296696409583092,0.9789962768554688,0.9898520112037659
19,7,0.5835113525390625,0.08140185475349426,0.07441951334476471,0.9462918043136597,0.986804723739624
19,8,0.5784963369369507,0.07205113768577576,-0.05704747512936592,0.9743597507476807,0.9915238618850708
19,9,0.5849656462669373,0.11955699324607849,0.02620280534029007,0.9293224215507507,0.9889919757843018
19,10,0.5845922231674194,0.116036057472229,-0.011855069547891617,0.9443302154541016,0.9910287857055664
19,11,0.5638057589530945,0.1173093169927597,0.1682669222354889,0.9968705773353577,0.9980496168136597
19,12,0.5475783944129944,0.08172857761383057,-0.12281849980354309,0.9997934699058533,0.9993575215339661
19,13,0.585079550743103,0.15857309103012085,0.20364391803741455,0.1200110986828804,0.9975031018257141
19,14,0.5337851047515869,0.0946146547794342,-0.17353804409503937,0.9485486149787903,0.9979445338249207
19,15,0.6155204176902771,0.18120232224464417,0.15530523657798767,0.17139223217964172,0.9938092827796936
19,16,0.6032689213752747,0.1715025007724762,-0.10149889439344406,0.7324526309967041,0.9948956370353699
19,17,0.6281989812850952,0.18165281414985657,0.15485471487045288,0.16726016998291016,0.9919054508209229
19,18,0.6140215396881104,0.20419788360595703,-0.11399660259485245,0.6225103139877319,0.9927119016647339
19,19,0.6282256841659546,0.1810215413570404,0.1389017105102539,0.16762928664684296,0.9908934831619263
19,20,0.6219449043273926,0.17815712094306946,-0.10118522495031357,0.612377941608429,0.9923216700553894
19,21,0.6259797811508179,0.18111208081245422,0.14566412568092346,0.17524103820323944,0.9917307496070862
19,22,0.6143615245819092,0.17833952605724335,-0.09234769642353058,0.5634987950325012,0.992944061756134
19,23,0.5551204085350037,0.33680441975593567,0.09645169973373413,0.9995229244232178,0.9995808005332947
19,24,0.5396348834037781,0.33186617493629456,-0.0967075303196907,0.9997519850730896,0.9997377991676331
19,25,0.5174671411514282,0.5221282243728638,0.07065615803003311,0.7209169864654541,0.9923853874206543
19,26,0.608620822429657,0.5282348394393921,-0.13967370986938477,0.9739271402359009,0.9947369694709778
19,27,0.45511776208877563,0.623632550239563,0.062190327793359756,0.8815274238586426,0.9923690557479858
19,28,0.5346571803092957,0.6904984712600708,-0.16341176629066467,0.9540821313858032,0.9842236638069153
19,29,0.43327394127845764,0.6304932832717896,0.060111597180366516,0.901760995388031,0.9917295575141907
19,30,0.5133665204048157,0.7012443542480469,-0.16553744673728943,0.9067144393920898,0.9833530187606812
19,31,0.45523059368133545,0.6908745765686035,0.02363191545009613,0.869663417339325,0.9882634878158569
19,32,0.5520828366279602,0.7739250063896179,-0.2077464759349823,0.9285837411880493,0.9745128750801086
20,0,0.5997483134269714,0.11391453444957733,0.015248983167111874,0.9733816385269165,0.9902652502059937
20,1,0.6018261909484863,0.09726260602474213,0.02320192940533161,0.9812989830970764,0.9919358491897583
20,2,0.602003812789917,0.09609149396419525,0.023238934576511383,0.9788282513618469,0.9915214776992798
20,3,0.602242648601532,0.09491157531738281,0.023269398137927055,0.9828937649726868,0.9906717538833618
20,4,0.5998983383178711,0.09555302560329437,-0.00031820277217775583,0.9828502535820007,0.9938530921936035
20,5,0.5984272956848145,0.09299972653388977,-0.0004662778228521347,0.9834860563278198,0.994540274143219
20,6,0.5967492461204529,0.09037026762962341,-0.0004836459120269865,0.9866029024124146,0.995198667049408
20,7,0.5940660834312439,0.07941552996635437,0.07242429256439209,0.9772399067878723,0.9908994436264038
20,8,0.5866518616676331,0.07461005449295044,-0.030004087835550308,0.9873417019844055,0.996439516544342
20,9,0.593099057674408,0.11687159538269043,0.03907477483153343,0.9746876358985901,0.9882142543792725
20,10,0.5908032655715942,0.11454866826534271,0.008737314492464066,0.9755487442016602,0.9924994111061096
20,11,0.5691787600517273,0.11542703211307526,0.1510205864906311,0.9960850477218628,0.9941341280937195
20,12,0.5552375912666321,0.09704472124576569,-0.08935993909835815,0.9998133778572083,0.9992423057556152
20,13,0.6021809577941895,0.17910979688167572,0.19565953314304352,0.12648455798625946,0.9951897859573364
20,14,0.5865642428398132,0.1611684411764145,-0.12307792156934738,0.9312337040901184,0.9977355003356934
20,15,0.6051880717277527,0.19986601173877716,0.16402004659175873,0.1332813948392868,0.9917355179786682
20,16,0.6308424472808838,0.18793848156929016,-0.07933175563812256,0.7286984920501709,0.9931296706199646
20,17,0.6048408150672913,0.20558126270771027,0.1643414944410324,0.13512969017028809,0.9902229309082031
20,18,0.6405985355377197,0.19868838787078857,-0.09444496780633926,0.6841106414794922,0.9888977408409119
20,19,0.6014440059661865,0.2016642689704895,0.15344657003879547,0.13094036281108856,0.9893117547035217
20,20,0.642263650894165,0.19166752696037292,-0.08778258413076401,0.6789272427558899,0.988067626953125
20,21,0.6019309759140015,0.19983676075935364,0.15881678462028503,0.1389584243297577,0.9902472496032715
20,22,0.6373504400253296,0.18822988867759705,-0.0730070248246193,0.6324952244758606,0.9899349808692932
20,23,0.5541692972183228,0.33873122930526733,0.08606268465518951,0.9985495209693909,0.9971283078193665
20,24,0.5467676520347595,0.33648747205734253,-0.08608178794384003,0.9996089339256287,0.9994658827781677
20,25,0.5785446166992188,0.4798024594783783,0.07423684746026993,0.27361032366752625,0.9837045073509216
20,26,0.5955544710159302,0.5489670634269714,-0.12408385425806046,0.9438942074775696,0.9957008957862854
20,27,0.4930569529533386,0.5849498510360718,0.08698980510234833,0.3131379187107086,0.9902814626693726
20,28,0.5612295269966125,0.7704674005508423,-0.19041766226291656,0.9520807266235352,0.9785606861114502
20,29,0.4752056300640106,0.5919992923736572,0.08664672821760178,0.5475032329559326,0.9895756244659424
20,30,0.5459823608398438,0.7950267791748047,-0.1943744570016861,0.9435113072395325,0.969541072845459
20,31,0.49234476685523987,0.6434886455535889,0.07990432530641556,0.4446256458759308,0.9870868921279907
20,32,0.5959675312042236,0.8313537240028381,-0.2351880967617035,0.9323781132698059,0.9585298895835876
21,0,0.5968103408813477,0.1793714314699173,-0.24158276617527008,0.9830301403999329,0.9916847944259644
21,1,0.5954376459121704,0.16114921867847443,-0.24220629036426544,0.981374204158783,0.9926862716674805
21,2,0.5946422219276428,0.15769058465957642,-0.24220438301563263,0.977910041809082,0.9922577142715454
21,3,0.5939032435417175,0.15421327948570251,-0.24222826957702637,0.9841067790985107,0.9915781021118164
21,4,0.5953599214553833,0.16673684120178223,-0.2701192796230316,0.9859914183616638,0.9937501549720764
21,5,0.5944787263870239,0.16713924705982208,-0.27027422189712524,0.9855695366859436,0.9940242171287537
21,6,0.5933825969696045,0.16751128435134888,-0.2703133225440979,0.987223744392395,0.9942111372947693
21,7,0.5840659141540527,0.1388663649559021,-0.19549183547496796,0.9769245386123657,0.991455078125
21,8,0.5830689072608948,0.15723326802253723,-0.3183617889881134,0.9834483861923218,0.9946615099906921
21,9,0.5906796455383301,0.17893019318580627,-0.21453621983528137,0.9691341519355774,0.9800815582275391
21,10,0.5911860466003418,0.18472075462341309,-0.2506936192512512,0.9637819528579712,0.9835083484649658
21,11,0.561192512512207,0.15059809386730194,-0.057919420301914215,0.9896373748779297,0.9867059588432312
21,12,0.5659382343292236,0.18212193250656128,-0.33992162346839905,0.9972324967384338,0.9935945868492126
21,13,0.6057463884353638,0.1817530393600464,0.05521737039089203,0.0701686292886734,0.9696269035339355
21,14,0.6251810789108276,0.18921592831611633,-0.31254684925079346,0.8324866890907288,0.9874208569526672
21,15,0.6212446689605713,0.21494580805301666,0.059123631566762924,0.06443065404891968,0.9735683798789978
21,16,0.6454969644546509,0.17562471330165863,-0.18526118993759155,0.4768145680427551,0.9728489518165588
21,17,0.6240346431732178,0.22169949114322662,0.06474525481462479,0.07848230004310608,0.9752169847488403
21,18,0.6502617001533508,0.17546525597572327,-0.19651027023792267,0.4612187445163727,0.9687297940254211
21,19,0.6216484308242798,0.22587953507900238,0.042811501771211624,0.08104442805051804,0.9730988144874573
21,20,0.6443337798118591,0.17350974678993225,-0.20807166397571564,0.46755343675613403,0.9647290110588074
21,21,0.6210170388221741,0.22475306689739227,0.04991631954908371,0.08927229791879654,0.9733787178993225
21,22,0.6414082646369934,0.17267991602420807,-0.18554554879665375,0.43255916237831116,0.9683080911636353
21,23,0.561180055141449,0.36843347549438477,0.10795681923627853,0.9969017505645752,0.9954207539558411
21,24,0.5571656227111816,0.4017260670661926,-0.10780996829271317,0.9993034601211548,0.9989275336265564
21,25,0.5973373651504517,0.4245629906654358,0.12173925340175629,0.32581791281700134,0.9836488962173462
21,26,0.5725479125976562,0.5666515827178955,-0.11220169067382812,0.9292200207710266,0.9947372078895569
21,27,0.49786612391471863,0.5215765833854675,0.23020216822624207,0.28396177291870117,0.996723473072052
21,28,0.5086532831192017,0.7812010645866394,-0.10476598143577576,0.9487025141716003,0.9906616806983948
21,29,0.4756290912628174,0.5142601728439331,0.24191167950630188,0.45610764622688293,0.9970996379852295
21,30,0.49332836270332336,0.8017281293869019,-0.10208608955144882,0.9007703065872192,0.9873974919319153
21,31,0.5172521471977234,0.5551009774208069,0.2533528804779053,0.43014946579933167,0.995907187461853
21,32,0.5443235039710999,0.8323081731796265,-0.1497199833393097,0.9372296929359436,0.9813064336776733
22,0,0.5934107303619385,0.03959763050079346,0.22515621781349182,0.9744364619255066,0.9696468710899353
22,1,0.5905845761299133,0.01959007978439331,0.22124558687210083,0.9737216234207153,0.9693422317504883
22,2,0.5885720252990723,0.018487602472305298,0.22125719487667084,0.9704398512840271,0.9682602882385254
22,3,0.5865964293479919,0.01729390025138855,0.2212543934583664,0.977712869644165,0.9676363468170166
22,4,0.5946294665336609,0.019183725118637085,0.192862406373024,0.9801763296127319,0.9710503816604614
22,5,0.5953113436698914,0.017670243978500366,0.19269254803657532,0.9799427390098572,0.9730409979820251
22,6,0.5929521322250366,-0.004791706800460815,0.19268964231014252,0.9832831621170044,0.9748372435569763
22,7,0.5761786103248596,0.009156852960586548,0.21535272896289825,0.9766454696655273,0.9641521573066711
22,8,0.5902485251426697,-0.004068613052368164,0.09030131995677948,0.983728289604187,0.9764435291290283
22,9,0.5863041281700134,0.04637223482131958,0.2309936136007309,0.9337813258171082,0.9370670914649963
22,10,0.5903403759002686,0.04587233066558838,0.1942698359489441,0.9454871416091919,0.9508897662162781
22,11,0.5422215461730957,0.06137651205062866,0.27471262216567993,0.9938403367996216,0.9683968424797058
22,12,0.5842238068580627,0.04513177275657654,-0.036609116941690445,0.9994421601295471,0.9954480528831482
22,13,0.5513134002685547,0.16265378892421722,0.3364245891571045,0.0740065798163414,0.9700638651847839
22,14,0.6260311007499695,0.11932767927646637,-0.03284771740436554,0.8209397792816162,0.9921775460243225
22,15,0.5760973691940308,0.1823214292526245,0.3503958582878113,0.06936655938625336,0.974705159664154
22,16,0.6677564978599548,0.15350359678268433,0.09763871878385544,0.5379586219787598,0.9851212501525879
22,17,0.5802550315856934,0.18767708539962769,0.37464967370033264,0.07867856323719025,0.9749940633773804
22,18,0.6780374050140381,0.1604354828596115,0.09787492454051971,0.5254545211791992,0.9809042811393738
22,19,0.5856022834777832,0.18375685811042786,0.3573938012123108,0.07647495716810226,0.9723000526428223
22,20,0.6736762523651123,0.1550559401512146,0.11492014676332474,0.5129748582839966,0.9785658717155457
22,21,0.585094153881073,0.18248026072978973,0.34398242831230164,0.0802033469080925,0.9736776947975159
22,22,0.6716187596321106,0.1541776955127716,0.11047808825969696,0.44996076822280884,0.9812352061271667
22,23,0.5408437848091125,0.30838650465011597,0.11129765957593918,0.9954320192337036,0.9867721199989319
22,24,0.5420169830322266,0.30616894364356995,-0.11153920739889145,0.9990800619125366,0.9971824884414673
22,25,0.6135804057121277,0.4338953197002411,0.057383593171834946,0.3282066285610199,0.9508817791938782
22,26,0.5427305698394775,0.5500889420509338,-0.17610783874988556,0.9024626612663269,0.9883490800857544
22,27,0.5247195959091187,0.5407166481018066,0.08241261541843414,0.39786991477012634,0.9923398494720459
22,28,0.4585520327091217,0.753253698348999,-0.2453821301460266,0.9322694540023804,0.9843543767929077
22,29,0.5068266987800598,0.5442889928817749,0.08711977303028107,0.5949734449386597,0.9930543303489685
22,30,0.4431067109107971,0.7652106285095215,-0.25001654028892517,0.8915619850158691,0.9779436588287354
22,31,0.5382816791534424,0.6147308349609375,0.10660324990749359,0.4813597500324249,0.9894234538078308
22,32,0.4950927793979645,0.832059383392334,-0.2962970435619354,0.903211236000061,0.9662694334983826
23,0,0.5910561084747314,-0.016277998685836792,0.05522675812244415,0.9788194298744202,0.9117285013198853
23,1,0.5891256332397461,-0.036086589097976685,0.054184310138225555,0.9786660671234131,0.9118699431419373
23,2,0.5887417793273926,-0.03636986017227173,0.054117873311042786,0.9691938161849976,0.9145827889442444
23,3,0.5884314179420471,-0.03670787811279297,0.05403504893183708,0.9769642949104309,0.9202268719673157
23,4,0.5889763832092285,-0.0377371609210968,0.032815296202898026,0.9799211621284485,0.9082249402999878
23,5,0.5884374380111694,-0.03895002603530884,0.03270973637700081,0.9753284454345703,0.9096598029136658
23,6,0.587611198425293,-0.040193021297454834,0.03267432749271393,0.9803844094276428,0.9118702411651611
23,7,0.5810823440551758,-0.038576722145080566,0.08282019197940826,0.9724363088607788,0.928234875202179
23,8,0.5805445909500122,-0.04189169406890869,-0.008733190596103668,0.9810871481895447,0.9082303643226624
23,9,0.5873638987541199,-0.004119753837585449,0.07414688169956207,0.9593880772590637,0.9113234281539917
23,10,0.5868467092514038,-0.005445599555969238,0.04713168740272522,0.9632984399795532,0.9194297790527344
23,11,0.570177435874939,0.0295676589012146,0.1532629430294037,0.9951990246772766,0.9663845300674438
23,12,0.5660772323608398,0.013804763555526733,-0.09110308438539505,0.9956789612770081,0.9673416614532471
23,13,0.6000357270240784,0.109937384724617,0.15207673609256744,0.1323997527360916,0.9688491821289062
23,14,0.6175805330276489,0.09025588631629944,-0.07344263792037964,0.6951084136962891,0.9665873050689697
23,15,0.6081020832061768,0.12527191638946533,0.09272031486034393,0.15348632633686066,0.963190495967865
23,16,0.6481361985206604,0.08658143877983093,0.08761830627918243,0.47383081912994385,0.9593334197998047
23,17,0.6118833422660828,0.1343410313129425,0.09266958385705948,0.16785278916358948,0.9629498720169067
23,18,0.6584811210632324,0.10096597671508789,0.09165515750646591,0.46408021450042725,0.9570527076721191
23,19,0.6084212064743042,0.13072387874126434,0.08670757710933685,0.163194939494133,0.9610459804534912
23,20,0.6519855260848999,0.0974876880645752,0.0937822088599205,0.45089104771614075,0.9506649971008301
23,21,0.6062504053115845,0.12857617437839508,0.08838356286287308,0.17876583337783813,0.96000736951828
23,22,0.6469537615776062,0.09713904559612274,0.09554556012153625,0.40555742383003235,0.9522861838340759
23,23,0.5619910359382629,0.31337520480155945,0.08231459558010101,0.9982132911682129,0.9964476823806763
23,24,0.5384359955787659,0.31305140256881714,-0.08253162354230881,0.998108983039856,0.9979436993598938
23,25,0.6530158519744873,0.4431498348712921,-0.0003166623355355114,0.8301339149475098,0.9536504745483398
23,26,0.5073478817939758,0.5371565818786621,-0.14954107999801636,0.9577262997627258,0.9673280715942383
23,27,0.5483962297439575,0.5993820428848267,0.05779328569769859,0.8017032742500305,0.9837406277656555
23,28,0.41306477785110474,0.7296890020370483,-0.15154290199279785,0.9582180976867676,0.9258843064308167
23,29,0.5236836075782776,0.601413369178772,0.06530994176864624,0.7582537531852722,0.9831330180168152
23,30,0.3949020206928253,0.7475966215133667,-0.15179547667503357,0.8351565599441528,0.9058419466018677
23,31,0.5545388460159302,0.6938298940658569,0.05036688596010208,0.7693764567375183,0.9587302803993225
23,32,0.4387974143028259,0.8306663036346436,-0.22818538546562195,0.9270114302635193,0.8362085819244385
